{
  "_fv": 79,
  "_type": "gui",
  "definition": {
    "type": 0,
    "width": 176,
    "height": 166,
    "inventoryOffsetX": 0,
    "inventoryOffsetY": 0,
    "renderBgLayer": true,
    "doesPauseGame": false,
    "components": [
      {
        "type": "textfield",
        "data": {
          "placeholder": "ex: ProBuilder",
          "name": "BusinessName",
          "width": 120,
          "height": 20,
          "x": 138,
          "y": 61,
          "locked": false
        }
      },
      {
        "type": "label",
        "data": {
          "name": "label_name_bussiness",
          "text": {
            "fixedValue": "Business Name"
          },
          "color": {
            "value": -12829636,
            "falpha": 0.0
          },
          "x": 138,
          "y": 46,
          "locked": false
        }
      },
      {
        "type": "label",
        "data": {
          "name": "label_business_type",
          "text": {
            "fixedValue": "Business Type"
          },
          "color": {
            "value": -12829636,
            "falpha": 0.0
          },
          "x": 138,
          "y": 93,
          "locked": false
        }
      },
      {
        "type": "textfield",
        "data": {
          "placeholder": "ex: Builder",
          "name": "BusinessType",
          "width": 120,
          "height": 20,
          "x": 138,
          "y": 109,
          "locked": false
        }
      },
      {
        "type": "textfield",
        "data": {
          "placeholder": "ex : 765",
          "name": "Phonenumber",
          "width": 120,
          "height": 20,
          "x": 138,
          "y": 151,
          "locked": false
        }
      },
      {
        "type": "label",
        "data": {
          "name": "label_phone_number",
          "text": {
            "fixedValue": "Phone Number"
          },
          "color": {
            "value": -12829636,
            "falpha": 0.0
          },
          "x": 138,
          "y": 135,
          "locked": false
        }
      },
      {
        "type": "button",
        "data": {
          "name": "button_create",
          "text": "Create",
          "isUndecorated": false,
          "onClick": {
            "name": "CreateBussine"
          },
          "width": 56,
          "height": 20,
          "x": 138,
          "y": 176,
          "locked": false
        }
      },
      {
        "type": "label",
        "data": {
          "name": "label_error_243",
          "text": {
            "fixedValue": "ERROR : 243"
          },
          "color": {
            "value": -3407872,
            "falpha": 0.0
          },
          "displayCondition": {
            "name": "ReturnfalsortrueERROR"
          },
          "x": 205,
          "y": 180,
          "locked": false
        }
      },
      {
        "type": "label",
        "data": {
          "name": "label_error_404",
          "text": {
            "fixedValue": "ERROR : 404"
          },
          "color": {
            "value": -6750208,
            "falpha": 0.0
          },
          "displayCondition": {
            "name": "ReturnERRORSTACKS"
          },
          "x": 205,
          "y": 180,
          "locked": false
        }
      }
    ],
    "gridSettings": {
      "sx": 18,
      "sy": 18,
      "ox": 11,
      "oy": 15,
      "snapOnGrid": false
    }
  }
}