{
  "_fv": 79,
  "_type": "procedure",
  "definition": {
    "procedurexml": "<xml xmlns=\"https://developers.google.com/blockly/xml\"><block type=\"event_trigger\" deletable=\"false\" x=\"40\" y=\"40\"><field name=\"trigger\">no_ext_trigger</field><next><block type=\"return_logic\"><value name=\"return\"><block type=\"variables_get_logic\"><mutation xmlns=\"http://www.w3.org/1999/xhtml\" is_player_var=\"true\" has_entity=\"true\"></mutation><field name=\"VAR\">global:LOGICERROSTACKS</field><value name=\"entity\"><block type=\"entity_from_deps\"></block></value></block></value></block></next></block></xml>",
    "skipDependencyNullCheck": false
  }
}